Code,Description
800,FRACTURE OF VAULT OF SKULL
800.0,CLOSED WITHOUT MENTION OF INTRACRANIAL INJURY
800.1,CLOSED WITH INTRACRANIAL INJURY
800.2,OPEN WITHOUT MENTION OF INTRACRANIAL INJURY
800.3,OPEN WITH INTRACRANIAL INJURY
801,FRACTURE OF BASE OF SKULL
801.0,CLOSED WITHOUT MENTION OF INTRACRANIAL INJURY
801.1,CLOSED WITH INTRACRANIAL INJURY
801.2,OPEN WITHOUT MENTION OF INTRACRANIAL INJURY
801.3,OPEN WITH INTRACRANIAL INJURY
802,FRACTURE OF FACE BONES
802.0,"NASAL BONES, CLOSED"
802.1,"NASAL BONES, OPEN"
802.2,"MANDIBLE, CLOSED"
802.3,"MANDIBLE, OPEN"
802.4,"MALAR AND MAXILLARY BONES, CLOSED"
802.5,"MALAR AND MAXILLARY BONES, OPEN"
802.6,"ORBITAL FLOOR (BLOW-OUT), CLOSED"
802.7,"ORBITAL FLOOR (BLOW-OUT), OPEN"
802.8,"OTHER FACIAL BONES, CLOSED"
802.9,"OTHER FACIAL BONES, OPEN"
803,OTHER AND UNQUALIFIED SKULL FRACTURES
803.0,CLOSED WITHOUT MENTION OF INTRACRANIAL INJURY
803.1,CLOSED WITH INTRACRANIAL INJURY
803.2,OPEN WITHOUT MENTION OF INTRACRANIAL INJURY
803.3,OPEN WITH INTRACRANIAL INJURY
804,MULTIPLE FRACTURES INVOLVING SKULL OR FACE WITH OTHER BONES
804.0,CLOSED WITHOUT MENTION OF INTRACRANIAL INJURY
804.1,CLOSED WITH INTRACRANIAL INJURY
804.2,OPEN WITHOUT MENTION OF INTRACRANIAL INJURY
804.3,OPEN WITH INTRACRANIAL INJURY
805,FRACTURE OF VERTEBRAL COLUMN WITHOUT MENTION OF SPINAL CORD LESION
805.0,"CERVICAL, CLOSED"
805.1,"CERVICAL, OPEN"
805.2,"DORSAL (THORACIC), CLOSED"
805.3,"DORSAL (THORACIC), OPEN"
805.4,"LUMBAR, CLOSED"
805.5,"LUMBAR, OPEN"
805.6,"SACRUM AND COCCYX, CLOSED"
805.7,"SACRUM AND COCCYX, OPEN"
805.8,"UNSPECIFIED, CLOSED"
805.9,"UNSPECIFIED, OPEN"
806,FRACTURE OF VERTEBRAL COLUMN WITH SPINAL CORD LESION
806.0,"CERVICAL, CLOSED"
806.1,"CERVICAL, OPEN"
806.2,"DORSAL (THORACIC), CLOSED"
806.3,"DORSAL (THORACIC), OPEN"
806.4,"LUMBAR, CLOSED"
806.5,"LUMBAR, OPEN"
806.6,"SACRUM AND COCCYX, CLOSED"
806.7,"SACRUM AND COCCYX, OPEN"
806.8,"UNSPECIFIED, CLOSED"
806.9,"UNSPECIFIED, OPEN"
807,"FRACTURE OF RIB(S), STERNUM, LARYNX AND TRACHEA"
807.0,"RIB(S), CLOSED"
807.1,"RIB(S), OPEN"
807.2,"STERNUM, CLOSED"
807.3,"STERNUM, OPEN"
807.4,FLAIL CHEST
807.5,"LARYNX AND TRACHEA, CLOSED"
807.6,"LARYNX AND TRACHEA, OPEN"
808,FRACTURE OF PELVIS
808.0,"ACETABULUM, CLOSED"
808.1,"ACETABULUM, OPEN"
808.2,"PUBIS, CLOSED"
808.3,"PUBIS, OPEN"
808.4,"OTHER SPECIFIED PART, CLOSED"
808.5,"OTHER SPECIFIED PART, OPEN"
808.8,"UNSPECIFIED, CLOSED"
808.9,"UNSPECIFIED, OPEN"
809,ILL-DEFINED FRACTURES OF TRUNK
809.0,"FRACTURE OF TRUNK, CLOSED"
809.1,"FRACTURE OF TRUNK, OPEN"
810,FRACTURE OF CLAVICLE
810.0,CLOSED
810.1,OPEN
811,FRACTURE OF SCAPULA
811.0,CLOSED
811.1,OPEN
812,FRACTURE OF HUMERUS
812.0,"UPPER END, CLOSED"
812.1,"UPPER END, OPEN"
812.2,"SHAFT OR UNSPECIFIED PART, CLOSED"
812.3,"SHAFT OR UNSPECIFIED PART, OPEN"
812.4,"LOWER END, CLOSED"
812.5,"LOWER END, OPEN"
813,FRACTURE OF RADIUS AND ULNA
8130,"UPPER END OR UNSPECIFIED PART, CLOSED"
813.1,"UPPER END OR UNSPECIFIED PART, OPEN"
813.2,"SHAFT, CLOSED"
813.3,"SHAFT, OPEN"
813.4,"LOWER END, CLOSED"
813.5,"LOWER END, OPEN"
814,FRACTURE OF CARPAL BONE(S)
814.0,CLOSED
814.1,OPEN
815,FRACTURE OF METACARPAL BONE(S)
815.0,CLOSED
815.1,OPEN
816,FRACTURE OF ONE OR MORE PHALANGES OF HAND
816.0,CLOSED
816.1,OPEN
817,MULTIPLE FRACTURES OF HAND BONES
817.0,CLOSED
817.1,OPEN
818,ILL-DEFINED FRACTURES OF UPPER LIMB
818.0,CLOSED
818.1,OPEN
819,"MULTIPLE FRACTURES INVOLVING BOTH UPPER LIMBS, AND UPPER LIMB"
819,WITH RIB(S) AND STERNUM
819.0,CLOSED
819.1,OPEN
820,FRACTURE OF NECK OF FEMUR
820.0,"TRANSCERVICAL FRACTURE, CLOSED"
820.1,"TRANSCERVICAL FRACTURE, OPEN"
820.2,"PERTROCHANTERIC FRACTURE, CLOSED"
820.3,"PERTROCHANTERIC FRACTURE, OPEN"
820.8,"UNSPECIFIED PART, CLOSED"
820.9,"UNSPECIFIED PART, OPEN"
821,FRACTURE OF OTHER AND UNSPECIFIED PARTS OF FEMUR
821.0,"SHAFT OR UNSPECIFIED PART, CLOSED"
821.1,"SHAFT OR UNSPECIFIED PART, OPEN"
821.2,"LOWER END, CLOSED"
821.3,"LOWER END, OPEN"
822,FRACTURE OF PATELLA
822.0,CLOSED
822.1,OPEN
823,FRACTURE OF TIBIA AND FIBULA
823.0,"UPPER END OR UNSPECIFIED PART, CLOSED"
823.1,"UPPER END OR UNSPECIFIED PART, OPEN"
823.2,"SHAFT, CLOSED"
823.3,"SHAFT, OPEN"
824,FRACTURE OF ANKLE
824.0,"MEDIAL MALLEOLUS, CLOSED"
824.1,"MEDIAL MALLEOLUS, OPEN"
824.2,"LATERAL MALLEOLUS, CLOSED"
824.3,"LATERAL MALLEOLUS, OPEN"
824.4,"BIMALLEOLAR, CLOSED"
824.5,"BIMALLEOLAR, OPEN"
824.6,"TRIMALLEOLAR, CLOSED"
824.7,"TRIMALLEOLAR, OPEN"
824.8,"UNSPECIFIED, CLOSED"
824.9,"UNSPECIFIED, OPEN"
825,FRACTURE OF ONE OR MORE TARSAL AND METATARSAL BONES
825.0,"FRACTURE OF CALCANEUS, CLOSED"
825.1,"FRACTURE OF CALCANEUS, OPEN"
825.2,"FRACTURE OF OTHER TARSAL AND METATARSAL BONES, CLOSED"
825.3,"FRACTURE OF OTHER TARSAL AND METATARSAL BONES, OPEN"
826,FRACTURE OF ONE OR MORE PHALANGES OF FOOT
826.0,CLOSED
826.1,OPEN
827,"OTHER, MULTIPLE AND ILL-DEFINED FRACTURES OF LOWER LIMB"
827.0,CLOSED
827.1,OPEN
828,"MULTIPLE FRACTURES INVOLVING BOTH LOWER LIMBS, LOWER WITH UPPER LIMB, AND LOWER LIMB(S) WITH RIB(S) AND STERNUM"
828.0,CLOSED
828.1,OPEN
829,FRACTURE OF UNSPECIFIED BONES
829.0,CLOSED
829.1,OPEN
830,DISLOCATION OF JAW
830.0,SIMPLE DISLOCATION
830.1,COMPOUND DISLOCATION
831,DISLOCATION OF SHOULDER
831.0,SIMPLE DISLOCATION
831.1,COMPOUND DISLOCATION
832,DISLOCATION OF ELBOW
832.0,SIMPLE DISLOCATION
832.1,COMPOUND DISLOCATION
833,DISLOCATION OF WRIST
833.0,SIMPLE DISLOCATION
833.1,COMPOUND DISLOCATION
834,DISLOCATION OF FINGER
834.0,SIMPLE DISLOCATION
834.1,COMPOUND DISLOCATION
835,DISLOCATION OF HIP
835.0,SIMPLE DISLOCATION
835.1,COMPOUND DISLOCATION
836,DISLOCATION OF KNEE
836.0,"TEAR OF MEDIAL CARTILAGE OR MENISCUS OF KNEE, CURRENT"
836.1,"TEAR OF LATERAL CARTILAGE OR MENISCUS OF KNEE, CURRENT"
836.2,"OTHER TEAR OF CARTILAGE OR MENISCUS OF KNEE, CURRENT"
836.3,"DISLOCATION OF PATELLA, SIMPLE"
836.4,"DISLOCATION OF PATELLA, COMPOUND"
836.5,"OTHER DISLOCATION OF KNEE, SIMPLE"
836.6,"OTHER DISLOCATION OF KNEE, COMPOUND"
837,DISLOCATION OF ANKLE
837.0,SIMPLE DISLOCATION
837.1,COMPOUND DISLOCATION
838,DISLOCATION OF FOOT
838.0,SIMPLE DISLOCATION
838.1,COMPOUND DISLOCATION
839,"OTHER, MULTIPLE AND ILL-DEFINED DISLOCATIONS"
839.0,"CERVICAL VERTEBRA, SIMPLE"
839.1,"CERVICAL VERTEBRA, COMPOUND"
839.2,"THORACIC AND LUMBAR VERTEBRA, SIMPLE"
839.3,"THORACIC AND LUMBAR VERTEBRA, COMPOUND"
839.4,"OTHER VERTEBRA, SIMPLE"
839.5,"OTHER VERTEBRA, COMPOUND"
839.6,"OTHER LOCATION, SIMPLE"
839.7,"OTHER LOCATION, COMPOUND"
839.8,"MULTIPLE AND ILL-DEFINED, SIMPLE"
839.9,"MULTIPLE AND ILL-DEFINED, COMPOUND"
840,SPRAINS AND STRAINS OF SHOULDER AND UPPER ARM
840.0,ACROMIOCLAVICULAR (JOINT) (LIGAMENT)
840.1,CORACOCLAVICULAR (LIGAMENT)
840.2,CORACOHUMERAL (LIGAMENT)
840.3,INFRASPINATUS (MUSCLE) (TENDON)
840.4,ROTATOR CUFF (CAPSULE)
840.5,SUBSCAPULARIS (MUSCLE)
840.6,SUPRASPINATUS (MUSCLE) (TENDON)
840.8,OTHER
840.9,UNSPECIFIED
841,SPRAINS AND STRAINS OF ELBOW AND FOREARM
841.0,RADIAL COLLATERAL LIGAMENT
841.1,ULNAR COLLATERAL LIGAMENT
841.2,RADIOHUMERAL (JOINT)
841.3,ULNOHUMERAL (JOINT)
841.8,OTHER
841.9,UNSPECIFIED
842,SPRAINS AND STRAINS OF WRIST AND HAND
842.0,WRIST
842.1,HAND
843,SPRAINS AND STRAINS OF HIP AND THIGH
843.0,ILIOFEMORAL (LIGAMENT)
843.1,ISCHIOCAPSULAR (LIGAMENT)
843.8,OTHER
843.9,UNSPECIFIED
844,SPRAINS AND STRAINS OF KNEE AND LEG
844.0,LATERAL COLLATERAL LIGAMENT OF KNEE
844.1,MEDIAL COLLATERAL LIGAMENT OF KNEE
844.2,CRUCIATE LIGAMENT OF KNEE
844.3,"TIBIOFIBULAR (JOINT) (LIGAMENT), SUPERIOR"
844.8,OTHER
844.9,UNSPECIFIED
845,SPRAINS AND STRAINS OF ANKLE AND FOOT
845.0,ANKLE
845.1,FOOT
846,SPRAINS AND STRAINS OF SACROILIAC REGION
846.0,LUMBOSACRAL (JOINT) (LIGAMENT)
846.1,SACROILIAC LIGAMENT
846.2,SACROSPINATUS (LIGAMENT)
846.3,SACROTUBEROUS (LIGAMENT)
846.8,OTHER
846.9,UNSPECIFIED
847,SPRAINS AND STRAINS OF OTHER AND UNSPECIFIED PARTS OF BACK
847.0,NECK
847.1,THORACIC
847.2,LUMBAR
847.3,SACRUM
847.4,COCCYX
847.9,UNSPECIFIED
848,OTHER AND ILL-DEFINED SPRAINS AND STRAINS
848.0,SEPTAL CARTILAGE OF NOSE
848.1,JAW
848.2,THYROID REGION
848.3,RIBS
848.4,STERNUM
848.5,PELVIS
848.8,OTHER SPECIFIED SITES
848.9,UNSPECIFIED SITE
850,CONCUSSION
851,CEREBRAL LACERATION AND CONTUSION
851.0,WITHOUT MENTION OF OPEN INTRACRANIAL WOUND
851.1,WITH OPEN INTRACRANIAL WOUND
852,"SUBARACHNOID, SUBDURAL AND EXTRADURAL HAEMORRHAGE, FOLLOWING INJURY"
852.0,WITHOUT MENTION OF OPEN INTRACRANIAL WOUND
852.1,WITH OPEN INTRACRANIAL WOUND
853,OTHER AND UNSPECIFIED INTRACRANIAL HAEMORRHAGE FOLLOWING INJURY
853.0,WITHOUT MENTION OF OPEN INTRACRANIAL WOUND
853.1,WITH OPEN INTRACRANIAL WOUND
854,INTRACRANIAL INJURY OF OTHER AND UNSPECIFIED NATURE
854.0,WITHOUT MENTION OF OPEN INTRACRANIAL WOUND
854.1,WITH OPEN INTRACRANIAL WOUND
860,TRAUMATIC PNEUMOTHORAX AND HAEMOTHORAX
860.0,PNEUMOTHORAX WITHOUT MENTION OF OPEN WOUND INTO THORAX
860.1,PNEUMOTHORAX WITH OPEN WOUND INTO THORAX
860.2,HAEMOTHORAX WITHOUT MENTION OF OPEN WOUND INTO THORAX
860.3,HAEMOTHORAX WITH OPEN WOUND INTO THORAX
860.4,PNEUMOHAEMOTHORAX WITHOUT MENTION OF OPEN WOUND INTO THORAX
860.5,PNEUMOHAEMOTHORAX WITH OPEN WOUND INTO THORAX
861,INJURY TO HEART AND LUNG
861.0,"HEART, WITHOUT MENTION OF OPEN WOUND INTO THORAX"
861.1,"HEART, WITH OPEN WOUND INTO THORAX"
861.2,"LUNG, WITHOUT MENTION OF OPEN WOUND INTO THORAX"
861.3,"LUNG, WITH OPEN WOUND INTO THORAX"
862,INJURY TO OTHER AND UNSPECIFIED INTRATHORACIC ORGANS
862.0,"DIAPHRAGM, WITHOUT MENTION OF OPEN WOUND INTO CAVITY"
862.1,"DIAPHRAGM, WITH OPEN WOUND INTO CAVITY"
862.2,OTHER SPECIFIED INTRATHORACIC ORGAN WITHOUT MENTION OF OPEN WOUND IN CAVITY
862.3,"OTHER SPECIFIED INTRATHORACIC ORGAN, WITH OPEN WOUND INTO CAVITY"
862.8,MULTIPLE AND UNSPECIFIED INTRATHORACIC ORGANS WITHOUT MENTION OF OPEN WOUND INTO CAVITY
862.9,"MULTIPLE AND UNSPECIFIED INTRATHORACIC ORGANS WITH OPEN WOUND
INTO CAVITY"
863,INJURY TO GASTROINTESTINAL TRACT
863.0,"STOMACH, WITHOUT MENTION OF OPEN WOUND INTO CAVITY"
863.1,"STOMACH, WITH OPEN WOUND INTO CAVITY"
863.2,"SMALL INTESTINE, WITHOUT MENTION OF OPEN WOUND INTO CAVITY"
863.3,"SMALL INTESTINE, WITH OPEN WOUND INTO CAVITY"
863.4,"COLON OR RECTUM, WITHOUT MENTION OF OPEN WOUND INTO CAVITY"
863.5,"COLON OR RECTUM, WITH OPEN WOUND INTO CAVITY"
863.8,"OTHER AND UNSPECIFIED SITES, WITHOUT MENTION OF OPEN WOUND INTO CAVITY"
863.9,"OTHER AND UNSPECIFIED SITES, WITH OPEN WOUND INTO CAVITY"
864,INJURY TO LIVER
864.0,WITHOUT MENTION OF OPEN WOUND INTO CAVITY
864.1,WITH OPEN WOUND INTO CAVITY
865,INJURY TO SPLEEN
865.0,WITHOUT MENTION OF OPEN WOUND INTO CAVITY
865.1,WITH OPEN WOUND INTO CAVITY
866,INJURY TO KIDNEY
866.0,WITHOUT MENTION OF OPEN WOUND INTO CAVITY
866.1,WITH OPEN WOUND INTO CAVITY
867,INJURY TO PELVIC ORGANS
867.0,"BLADDER AND URETHRA, WITHOUT MENTION OF OPEN WOUND INTO CAVITY"
867.1,"BLADDER AND URETHRA, WITH OPEN WOUND INTO CAVITY"
867.2,"URETER, WITHOUT MENTION OF OPEN WOUND INTO CAVITY"
867.3,"URETER, WITH OPEN WOUND INTO CAVITY"
867.4,"UTERUS, WITHOUT MENTION OF OPEN WOUND INTO CAVITY"
867.5,"UTERUS, WITH OPEN WOUND INTO CAVITY"
867.6,"OTHER PELVIC ORGAN, WITHOUT MENTION OF OPEN WOUND INTO CAVITY"
867.7,"OTHER PELVIC ORGAN, WITH OPEN WOUND INTO CAVITY"
867.8,"UNSPECIFIED PART, WITHOUT MENTION OF OPEN WOUND INTO CAVITY"
867.9,"UNSPECIFIED PART, WITH OPEN WOUND INTO CAVITY"
868,INJURY TO OTHER INTRAABDOMINAL ORGANS
868.0,WITHOUT MENTION OF OPEN WOUND INTO CAVITY
868.1,WITH OPEN WOUND INTO CAVITY
869,INTERNAL INJURY TO UNSPECIFIED OR ILL-DEFINED ORGANS
869.0,WITHOUT MENTION OF OPEN WOUND INTO CAVITY
869.1,WITH OPEN WOUND INTO CAVITY
870,OPEN WOUND OF OCULAR ADNEXA
870.0,LACERATION OF SKIN OF EYELID AND PERIOCULAR AREA
870.1,"LACERATION OF EYELID, FULL THICKNESS, NOT INVOLVING LACRIMAL PASSAGES"
870.2,LACERATION OF EYELID INVOLVING LACRIMAL PASSAGES
870.3,PENETRATING WOUND OF ORBIT WITHOUT MENTION OF FOREIGN BODY
870.4,PENETRATING WOUND OF ORBIT WITH FOREIGN BODY
870.8,OTHER OPEN WOUNDS OF OCULAR ADNEXA
870.9,UNSPECIFIED OPEN WOUND OF OCULAR ADNEXA
871,OPEN WOUND OF EYEBALL
871.0,OCULAR LACERATION WITHOUT PROLAPSE OF INTRAOCULAR TISSUE
871.1,OCULAR LACERATION WITH PROLAPSE OR EXPOSURE OF INTRAOCULAR TISSUE
871.2,RUPTURE OF EYE WITH PARTIAL LOSS OF INTRAOCULAR TISSUE
871.3,AVULSION OF EYE
871.4,UNSPECIFIED LACERATION OF EYE
871.5,PENETRATION OF EYEBALL WITH MAGNETIC FOREIGN BODY
871.6,PENETRATION OF EYEBALL WITH (NONMAGNETIC) FOREIGN BODY
871.7,UNSPECIFIED OCULAR PENETRATION
871.9,UNSPECIFIED OPEN WOUND OF EYEBALL
872,OPEN WOUND OF EAR
872.0,"EXTERNAL EAR, WITHOUT MENTION OF COMPLICATION"
872.1,"EXTERNAL EAR, COMPLICATED"
872.6,"OTHER SPECIFIED PARTS, WITHOUT MENTION OF COMPLICATION"
872.7,"OTHER SPECIFIED PARTS, COMPLICATED"
872.8,"PART UNSPECIFIED, WITHOUT MENTION OF COMPLICATION"
872.9,"PART UNSPECIFIED, COMPLICATED"
873,OTHER OPEN WOUND OF HEAD
873.0,"SCALP, WITHOUT MENTION OF COMPLICATION"
873.1,"SCALP, COMPLICATED"
873.2,"NOSE, WITHOUT MENTION OF COMPLICATION"
873.3,"NOSE, COMPLICATED"
873.4,"FACE, WITHOUT MENTION OF COMPLICATION"
873.5,"FACE, COMPLICATED"
873.6,"INTERNAL STRUCTURES OF MOUTH, WITHOUT MENTION OF COMPLICATION"
873.7,"INTERNAL STRUCTURES OF MOUTH, COMPLICATED"
873.8,OTHER AND UNSPECIFIED OPEN WOUND OF HEAD WITHOUT MENTION OF  COMPLICATION
873.9,"OTHER AND UNSPECIFIED OPEN WOUND OF HEAD, COMPLICATED"
874,OPEN WOUND OF NECK
874.0,"LARYNX AND TRACHEA, WITHOUT MENTION OF COMPLICATION"
874.1,"LARYNX AND TRACHEA, COMPLICATED"
874.2,"THYROID GLAND, WITHOUT MENTION OF COMPLICATION"
874.3,"THYROID GLAND, COMPLICATED"
874.4,"PHARYNX, WITHOUT MENTION OF COMPLICATION"
874.5,"PHARYNX, COMPLICATED"
874.8,"OTHER AND UNSPECIFIED PARTS, WITHOUT MENTION OF COMPLICATION"
874.9,"OTHER AND UNSPECIFIED PARTS, COMPLICATED"
875,OPEN WOUND OF CHEST (WALL)
875.0,WITHOUT MENTION OF COMPLICATION
875.1,COMPLICATED
876,OPEN WOUND OF BACK
876.0,WITHOUT MENTION OF COMPLICATION
876.1,COMPLICATED
877,OPEN WOUND OF BUTTUCK
877.0,WITHOUT MENTION OF COMPLICATION
877.1,COMPLICATED
878,"OPEN WOUND OF GENITAL ORGANS (EXTERNAL), INCLUDING TRAUMATIC AMPUTATION"
878.0,"PENIS, WITHOUT MENTION OF COMPLICATION"
878.1,"PENIS, COMPLICATED"
878.2,"SCROTUM AND TESTES, WITHOUT MENTION OF COMPLICATION"
878.3,"SCROTUM AND TESTES, COMPLICATED"
878.4,"VULVA, WITHOUT MENTION OF COMPLICATION"
878.5,"VULVA, COMPLICATED"
878.6,"VAGINA, WITHOUT MENTION OF COMPLICATION"
878.7,"VAGINA, COMPLICATED"
878.8,"OTHER AND UNSPECIFIED PARTS, WITHOUT MENTION OF COMPLICATION"
878.9,"OTHER AND UNSPECIFIED PARTS, COMPLICATED"
879,"OPEN WOUND OF OTHER AND UNSPECIFIED SITES, EXCEPT LIMBS"
879.0,"BREAST, WITHOUT MENTION OF COMPLICATION"
879.1,"BREAST, COMPLICATED"
879.2,"ABDOMINAL WALL, ANTERIOR, WITHOUT MENTION OF COMPLICATION"
879.3,"ABDOMINAL WALL, ANTERIOR, COMPLICATED"
879.4,"ABDOMINAL WALL, LATERAL, WITHOUT MENTION OF COMPLICATION"
879.5,"ABDOMINAL WALL, LATERAL, COMPLICATED"
879.6,"OTHER AND UNSPECIFIED PARTS OF TRUNK, WITHOUT MENTION OF COMPLICATION"
879.7,"OTHER AND UNSPECIFIED PARTS OF TRUNK, COMPLICATED"
879.8,OPEN WOUND(S) (MULTIPLE) OF UNSPECIFIED SITE(S) WITHOUT MENTION OF COMPLICATION
879.9,"OPEN WOUND(S) (MULTIPLE) OF UNSPECIFIED SITE(S), COMPLICATED"
880,OPEN WOUND OF SHOULDER AND UPPER ARM
880.0,WITHOUT MENTION OF COMPLICATION
880.1,COMPLICATED
880.2,WITH TENDON INVOLVEMENT
881,"OPEN WOUND OF ELBOW, FOREARM AND WRIST"
881.0,WITHOUT MENTION OF COMPLICATION
881.1,COMPLICATED
881.2,WITH TENDON INVOLVEMENT
882,OPEN WOUND OF HAND EXCEPT FINGER(S) ALONE
882.0,WITHOUT MENTION OF COMPLICATION
882.1,COMPLICATED
882.2,WITH TENDON INVOLVEMENT
883,OPEN WOUND OF FINGER(S)
883.0,WITHOUT MENTION OF COMPLICATION
883.1,COMPLICATED
883.2,WITH TENDON INVOLVEMENT
884,MULTIPLE AND UNSPECIFIED OPEN WOUND OF UPPER LIMB
884.0,WITHOUT MENTION OF COMPLICATION
884.1,COMPLICATED
884.2,WITH TENDON INVOLVEMENT
885,TRAUMATIC AMPUTATION OF THUMB (COMPLETE) (PARTIAL)
885.0,WITHOUT MENTION OF COMPLICATION
885.1,COMPLICATED
886,TRAUMATIC AMPUTATION OF OTHER FINGER(S) (COMPLETE) (PARTIAL)
886.0,WITHOUT MENTION OF COMPLICATION
886.1,COMPLICATED
887,TRAUMATIC AMPUTATION OF ARM AND HAND (COMPLETE) (PARTIAL)
887.0,"UNILATERAL, BELOW ELBOW, WITHOUT MENTION OF COMPLICATION"
887.1,"UNILATERAL, BELOW ELBOW, COMPLICATED"
887.2,"UNILATERAL, AT OR ABOVE ELBOW, WITHOUT MENTION OF COMPLICATION"
887.3,"UNILATERAL, AT OR ABOVE ELBOW, COMPLICATED"
887.4,"UNILATERAL, LEVEL NOT SPECIFIED, WITHOUT MENTION OF COMPLICATION"
887.5,"UNILATERAL, LEVEL NOT SPECIFIED, COMPLICATED"
887.6,"BILATERAL (ANY LEVEL), WITHOUT MENTION OF COMPLICATION"
887.7,"BILATERAL (ANY LEVEL), COMPLICATED"
890,OPEN WOUND OF HIP AND THIGH
890.0,WITHOUT MENTION OF COMPLICATION
890.1,COMPLICATED
890.2,WITH TENDON INVOLVEMENT
891,"OPEN WOUND OF KNEE, LEG (EXCEPT THIGH) AND ANKLE"
891.0,WITHOUT MENTION OF COMPLICATION
891.1,COMPLICATED
891.2,WITH TENDON INVOLVEMENT
892,OPEN WOUND OF FOOT EXCEPT TOE(S) ALONE
892.0,WITHOUT MENTION OF COMPLICATION
892.1,COMPLICATED
892.2,WITH TENDON INVOLVEMENT
893,OPEN WOUND OF TOE(S)
893.0,WITHOUT MENTION OF COMPLICATION
893.1,COMPLICATED
893.2,WITH TENDON INVOLVEMENT
894,MULTIPLE AND UNSPECIFIED OPEN WOUND OF LOWER LIMB
894.0,WITHOUT MENTION OF COMPLICATION
894.1,COMPLICATED
894.2,WITH TENDON INVOLVEMENT
895,TRAUMATIC AMPUTATION OF TOE(S) (COMPLETE) (PARTIAL)
895.0,WITHOUT MENTION OF COMPLICATION
895.1,COMPLICATED
896,TRAUMATIC AMPUTATION OF FOOT (COMPLETE) (PARTIAL)
896.0,"UNILATERAL, WITHOUT MENTION OF COMPLICATION"
896.1,"UNILATERAL, COMPLICATED"
896.2,"BILATERAL, WITHOUT MENTION OF COMPLICATION"
896.3,"BILATERAL, COMPLICATED"
897,TRAUMATIC AMPUTATION OF LEG(S) (COMPLETE) (PARTIAL)
897.0,"UNILATERAL, BELOW KNEE, WITHOUT MENTION OF COMPLICATION"
897.1,"UNILATERAL, BELOW KNEE, COMPLICATED"
897.2,"UNILATERAL, AT OR ABOVE KNEE, WITHOUT MENTION OF COMPLICATION"
897.3,"UNILATERAL, AT OR ABOVE KNEE, COMPLICATED"
897.4,"UNILATERAL, LEVEL NOT SPECIFIED, WITHOUT MENTION OF COMPLICATION"
897.5,"UNILATERAL, LEVEL NOT SPECIFIED, COMPLICATED"
897.6,"BILATERAL (ANY LEVEL), WITHOUT MENTION OF COMPLICATION"
897.7,"BILATERAL (ANY LEVEL), COMPLICATED"
900,INJURY TO BLOOD VESSELS OF HEAD AND NECK
900.0,CAROTID ARTERY
900.1,INTERNAL JUGULAR VEIN
900.8,OTHER
900.9,UNSPECIFIED
901,INJURY TO BLOOD VESSELS OF THORAX
901.0,THORACIC AORTA
901.1,INNOMINATE AND SUBCLAVIAN ARTERIES
901.2,SUPERIOR VENA CAVA
901.3,INNOMINATE AND SUBCLAVIAN VEINS
901.4,PULMONARY BLOOD VESSEL
901.8,OTHER
901.9,UNSPECIFIED
902,INJURY TO BLOOD VESSELS OF ABDOMEN AND PELVIS
902.0,ABDOMINAL AORTA
902.1,INFERIOR VENA CAVA
902.2,COELIAC AND MESENTERIC ARTERIES
902.3,PORTAL AND SPLENIC VEINS
902.4,RENAL BLOOD VESSELS
902.5,ILIAC BLOOD VESSELS
902.8,OTHER
902.9,UNSPECIFIED
903,INJURY TO BLOOD VESSELS OF UPPER EXTREMITY
903.0,AXILLARY BLOOD VESSELS
903.1,BRACHIAL BLOOD VESSELS
903.2,RADIAL BLOOD VESSELS
903.3,ULNAR BLOOD VESSELS
903.4,PALMAR ARTERY
903.5,DIGITAL BLOOD VESSELS
903.8,OTHER
903.9,UNSPECIFIED
904,INJURY TO BLOOD VESSELS OF LOWER EXTREMITY AND UNSPECIFIED SITES
904.0,COMMON FEMORAL ARTERY
904.1,SUPERFICIAL FEMORAL ARTERY
904.2,FEMORAL VEINS
904.3,SAPHENOUS VEINS
904.4,POPLITEAL BLOOD VESSELS
904.5,TIBIAL BLOOD VESSELS
904.6,DEEP PLANTAR BLOOD VESSELS
904.7,OTHER BLOOD VESSELS OF LOWER EXTREMITY
904.8,UNSPECIFIED BLOOD VESSELS OF LOWER EXTREMITY
904.9,UNSPECIFIED SITE
905,LATE EFFECTS OF MUSCULOSKELETAL AND CONNECTIVE TISSUE INJURIES
905.0,LATE EFFECT OF FRACTURE OF SKULL AND FACE BONES
905.1,LATE EFFECT OF FRACTURE OF SPINE AND TRUNK WITHOUT MENTION OF SPINAL CORD LESION
905.2,LATE EFFECT OF FRACTURE OF UPPER EXTREMITIES
905.3,LATE EFFECT OF FRACTURE OF NECK OF FEMUR
905.4,LATE EFFECT OF FRACTURE OF LOWER EXTREMITIES
905.5,LATE EFFECT OF FRACTURE OF MULTIPLE AND UNSPECIFIED BONES
905.6,LATE EFFECT OF DISLOCATION
905.7,LATE EFFECT OF SPRAIN AND STRAIN WITHOUT MENTION OF TENDON INJURY
905.8,LATE EFFECT OF TENDON INJURY
905.9,LATE EFFECT OF TRAUMATIC AMPUTATION
906,LATE EFFECTS OF INJURIES TO SKIN AND SUBCUTANEOUS TISSUES
906.0,"LATE EFFECT OF OPEN WOUND OF HEAD, NECK AND TRUNK"
906.1,LATE EFFECT OF OPEN WOUND OF EXTREMITIES WITHOUT MENTION OF TENDON  INJUR
906.2,LATE EFFECT OF SUPERFICIAL INJURY
906.3,LATE EFFECT OF CONTUSION
906.4,LATE EFFECT OF CRUSHING
906.5,"LATE EFFECT OF BURN OF EYE, FACE, HEAD AND NECK"
906.6,LATE EFFECT OF BURN OF WRIST AND HAND
906.7,LATE EFFECT OF BURN OF OTHER EXTREMITIES
906.8,LATE EFFECT OF BURNS OF OTHER SPECIFIED SITES
906.9,LATE EFFECT OF BURN OF UNSPECIFIED SITE
907,LATE EFFECTS OF INJURIES TO THE NERVOUS SYSTEM
907.0,LATE EFFECT OF INTRACRANIAL INJURY WITHOUT MENTION OF SKULL FRACTURE
907.1,LATE EFFECT OF INJURY TO CRANIAL NERVE
907.2,LATE EFFECT OF SPINAL CORD INJURY
907.3,"LATE EFFECT OF INJURY TO NERVE ROOT(S), SPINAL PLEXUS(ES) AND OTHER NERVES OF TRUNK"
907.4,"LATE EFFECT OF INJURY TO PERIPHERAL NERVE OF SHOULDER GIRDLE
AND UPPER LIMB"
907.5,LATE EFFECT OF INJURY TO PERIPHERAL NERVE OF PELVIC GIRDLE AND LOWER  LIM
907.9,LATE EFFECT OF INJURY TO OTHER AND UNSPECIFIED NERVE
908,LATE EFFECTS OF OTHER AND UNSPECIFIED INJURIES
908.0,LATE EFFECT OF INTERNAL INJURY TO CHEST
908.1,LATE EFFECT OF INTERNAL INJURY TO INTRAABDOMINAL ORGANS
908.2,LATE EFFECT OF INTERNAL INJURY TO OTHER INTERNAL ORGANS
908.3,"LATE EFFECT OF INJURY TO BLOOD VESSEL OF HEAD, NECK AND EXTREMITIES"
908.4,"LATE EFFECT OF INJURY TO BLOOD VESSEL OF THORAX, ABDOMEN AND PELVIS"
908.5,LATE EFFECT OF FOREIGN BODY IN ORIFICE
908.6,LATE EFFECT OF CERTAIN COMPLICATIONS OF TRAUMA
908.9,LATE EFFECT OF UNSPECIFIED INJURY
909,LATE EFFECTS OF OTHER AND UNSPECIFIED EXTERNAL CAUSES
909.0,"LATE EFFECT OF POISONING DUE TO DRUG, MEDICAMENT, OR BIOLOGICAL  SUBSTANC"
909.1,LATE EFFECT OF TOXIC EFFECTS OF NONMEDICAL SUBSTANCES
909.2,LATE EFFECT OF RADIATION
909.3,LATE EFFECT OF COMPLICATIONS OF SURGICAL AND MEDICAL CARE
909.4,LATE EFFECT OF CERTAIN OTHER EXTERNAL CAUSES
909.9,LATE EFFECT OF OTHER AND UNSPECIFIED EXTERNAL CAUSES
910,"SUPERFICIAL INJURY OF FACE, NECK AND SCALP EXCEPT EYE"
910.0,ABRASION OR FRICTION BURN WITHOUT MENTION OF INFECTION
910.1,"ABRASION OR FRICTION BURN, INFECTED"
910.2,BLISTER WITHOUT MENTION OF INFECTION
910.3,"BLISTER, INFECTED"
910.4,"INSECT BITE, NONVENOMOUS, WITHOUT MENTION OF INFECTION"
910.5,"INSECT BITE, NONVENOMOUS, INFECTED"
910.6,SUPERFICIAL FOREIGN BODY (SPLINTER) WITHOUT MAJOR OPEN WOUND AND
910.6,WITHOUT MENTION OF INFECTION
910.7,"SUPERFICIAL FOREIGN BODY (SPLINTER) WITHOUT MAJOR OPEN WOUND, INFECTED"
910.8,OTHER AND UNSPECIFIED SUPERFICIAL INJURY WITHOUT MENTION OF INFECTION
910.9,"OTHER AND UNSPECIFIED SUPERFICIAL INJURY, INFECTED"
911,SUPERFICIAL INJURY OF TRUNK
911.0,ABRASION OR FRICTION BURN WITHOUT MENTION OF INFECTION
911.1,"ABRASION OR FRICTION BURN, INFECTED"
911.2,BLISTER WITHOUT MENTION OF INFECTION
911.3,"BLISTER, INFECTED"
911.4,"INSECT BITE, NONVENOMOUS, WITHOUT MENTION OF INFECTION"
911.5,"INSECT BITE, NONVENOMOUS, INFECTED"
911.6,SUPERFICIAL FOREIGN BODY (SPLINTER) WITHOUT MAJOR OPEN WOUND AND WITHOUT MENTION OF INFECTION
911.7,"SUPERFICIAL FOREIGN BODY (SPLINTER) WITHOUT MAJOR OPEN WOUND, INFECTED"
911.8,OTHER AND UNSPECIFIED SUPERFICIAL INJURY WITHOUT MENTION OF INFECTION
911.9,"OTHER AND UNSPECIFIED SUPERFICIAL INJURY, INFECTED"
912,SUPERFICIAL INJURY OF SHOULDER AND UPPER ARM
912.0,ABRASION OR FRICTION BURN WITHOUT MENTION OF INFECTION
912.1,"ABRASION OR FRICTION BURN, INFECTED"
912.2,BLISTER WITHOUT MENTION OF INFECTION
912.3,"BLISTER, INFECTED"
912.4,"INSECT BITE, NONVENOMOUS, WITHOUT MENTION OF INFECTION"
912.5,"INSECT BITE, NONVENOMOUS, INFECTED"
912.6,SUPERFICIAL FOREIGN BODY (SPLINTER) WITHOUT MAJOR OPEN WOUND AND WITHOUT MENTION OF INFECTION
912.7,"SUPERFICIAL FOREIGN BODY (SPLINTER) WITHOUT MAJOR OPEN WOUND, INFECTED"
912.8,OTHER AND UNSPECIFIED SUPERFICIAL INJURY WITHOUT MENTION OF INFECTION
912.9,"OTHER AND UNSPECIFIED SUPERFICIAL INJURY, INFECTED"
913,"SUPERFICIAL INJURY OF ELBOW, FOREARM AND WRIST"
913.0,ABRASION OR FRICTION BURN WITHOUT MENTION OF INFECTION
913.1,"ABRASION OR FRICTION BURN, INFECTED"
913.2,BLISTER WITHOUT MENTION OF INFECTION
913.3,"BLISTER, INFECTED"
913.4,"INSECT BITE, NONVENOMOUS, WITHOUT MENTION OF INFECTION"
913.5,"INSECT BITE, NONVENOMOUS, INFECTED"
913.6,SUPERFICIAL FOREIGN BODY (SPLINTER) WITHOUT MAJOR OPEN WOUND AND WITHOUT MENTION OF INFECTION
913.7,"SUPERFICIAL FOREIGN BODY (SPLINTER) WITHOUT MAJOR OPEN WOUND, INFECTED"
913.8,OTHER AND UNSPECIFIED SUPERFICIAL INJURY WITHOUT MENTION OF INFECTION
913.9,"OTHER AND UNSPECIFIED SUPERFICIAL INJURY, INFECTED"
914,SUPERFICIAL INJURY OF HAND(S) EXCEPT FINGER(S) ALONE
914.0,ABRASION OR FRICTION BURN WITHOUT MENTION OF INFECTION
914.1,"ABRASION OR FRICTION BURN, INFECTED"
914.2,BLISTER WITHOUT MENTION OF INFECTION
914.3,"BLISTER, INFECTED"
914.4,"INSECT BITE, NONVENOMOUS, WITHOUT MENTION OF INFECTION"
914.5,"INSECT BITE, NONVENOMOUS, INFECTED"
914.6,SUPERFICIAL FOREIGN BODY (SPLINTER) WITHOUT MAJOR OPEN WOUND AND WITHOUT MENTION OF INFECTION
914.7,"SUPERFICIAL FOREIGN BODY (SPLINTER) WITHOUT MAJOR OPEN WOUND, INFECTED"
914.8,OTHER AND UNSPECIFIED SUPERFICIAL INJURY WITHOUT MENTION OF INFECTION
914.9,"OTHER AND UNSPECIFIED SUPERFICIAL INJURY, INFECTED"
915,SUPERFICIAL INJURY OF FINGER(S)
915.0,ABRASION OR FRICTION BURN WITHOUT MENTION OF INFECTION
915.1,"ABRASION OR FRICTION BURN, INFECTED"
915.2,BLISTER WITHOUT MENTION OF INFECTION
915.3,"BLISTER, INFECTED"
915.4,"INSECT BITE, NONVENOMOUS, WITHOUT MENTION OF INFECTION"
915.5,"INSECT BITE, NONVENOMOUS, INFECTED"
915.6,SUPERFICIAL FOREIGN BODY (SPLINTER) WITHOUT MAJOR OPEN WOUND AND WITHOUT MENTION OF INFECTION
915.7,"SUPERFICIAL FOREIGN BODY (SPLINTER) WITHOUT MAJOR OPEN WOUND, INFECTED"
915.8,OTHER AND UNSPECIFIED SUPERFICIAL INJURY WITHOUT MENTION OF INFECTION
915.9,"OTHER AND UNSPECIFIED SUPERFICIAL INJURY, INFECTED"
916,"SUPERFICIAL INJURY OF HIP, THIGH, LEG AND ANKLE"
916.0,ABRASION OR FRICTION BURN WITHOUT MENTION OF INFECTION
916.1,"ABRASION OR FRICTION BURN, INFECTED"
916.2,BLISTER WITHOUT MENTION OF INFECTION
916.3,"BLISTER, INFECTED"
916.4,"INSECT BITE, NONVENOMOUS, WITHOUT MENTION OF INFECTION"
916.5,"INSECT BITE, NONVENOMOUS, INFECTED"
916.6,SUPERFICIAL FOREIGN BODY (SPLINTER) WITHOUT MAJOR OPEN WOUND AND WITHOUT MENTION OF INFECTION
916.7,"SUPERFICIAL FOREIGN BODY (SPLINTER) WITHOUT MAJOR OPEN WOUND, INFECTED"
916.8,OTHER AND UNSPECIFIED SUPERFICIAL INJURY WITHOUT MENTION OF INFECTION
916.9,"OTHER AND UNSPECIFIED SUPERFICIAL INJURY, INFECTED"
917,SUPERFICIAL INJURY OF FOOT AND TOE(S)
917.0,ABRASION OR FRICTION BURN WITHOUT MENTION OF INFECTION
917.1,"ABRASION OR FRICTION BURN, INFECTED"
917.2,BLISTER WITHOUT MENTION OF INFECTION
917.3,"BLISTER, INFECTED"
917.4,"INSECT BITE, NONVENOMOUS, WITHOUT MENTION OF INFECTION"
917.5,"INSECT BITE, NONVENOMOUS, INFECTED"
917.6,SUPERFICIAL FOREIGN BODY (SPLINTER) WITHOUT MAJOR OPEN WOUND AND WITHOUT MENTION OF INFECTION
917.7,"SUPERFICIAL FOREIGN BODY (SPLINTER) WITHOUT MAJOR OPEN WOUND, INFECTED"
917.8,OTHER AND UNSPECIFIED SUPERFICIAL INJURY WITHOUT MENTION OF INFECTION
917.9,"OTHER AND UNSPECIFIED SUPERFICIAL INJURY, INFECTED"
918,SUPERFICIAL INJURY OF EYE AND ADNEXA
918.0,EYELIDS AND PERIOCULAR AREA
918.1,CORNEA
918.2,CONJUNCTIVA
918.9,OTHER AND UNSPECIFIED
919,"SUPERFICIAL INJURY OF OTHER, MULTIPLE AND UNSPECIFIED SITES"
919.0,ABRASION OR FRICTION BURN WITHOUT MENTION OF INFECTION
919.1,"ABRASION OR FRICTION BURN, INFECTED"
919.2,BLISTER WITHOUT MENTION OF INFECTION
919.3,"BLISTER, INFECTED"
919.4,"INSECT BITE, NONVENOMOUS, WITHOUT MENTION OF INFECTION"
919.5,"INSECT BITE, NONVENOMOUS, INFECTED"
919.6,SUPERFICIAL FOREIGN BODY (SPLINTER) WITHOUT MAJOR OPEN WOUND AND WITHOUT MENTION OF INFECTION
919.7,"SUPERFICIAL FOREIGN BODY (SPLINTER) WITHOUT MAJOR OPEN WOUND, INFECTED"
919.8,OTHER AND UNSPECIFIED SUPERFICIAL INJURY WITHOUT MENTION OF INFECTION
919.9,"OTHER AND UNSPECIFIED SUPERFICIAL INJURY, INFECTED"
920,"CONTUSION OF FACE, SCALP, AND NECK EXCEPT EYE(S)"
921,CONTUSION OF EYE AND ADNEXA
921.0,"BLACK EYE, NOT OTHERWISE SPECIFIED"
921.1,CONTUSION OF EYELIDS AND PERIOCULAR AREA
921.2,CONTUSION OF ORBITAL TISSUES
921.3,CONTUSION OF EYEBALL
921.9,UNSPECIFIED CONTUSION OF EYE
922,CONTUSION OF TRUNK
922.0,BREAST
922.1,CHEST WALL
922.2,ABDOMINAL WALL
922.3,BACK
922.4,GENITAL ORGANS
922.8,MULTIPLE SITES OF TRUNK
922.9,UNSPECIFIED PART
923,CONTUSION OF UPPER LIMB
923.0,SHOULDER AND UPPER ARM
923.1,ELBOW AND FOREARM
923.2,"WRIST AND HAND(S), EXCEPT FINGER(S) ALONE"
923.3,FINGER
923.8,MULTIPLE SITES OF UPPER LIMB
923.9,UNSPECIFIED PART OF UPPER LIMB
924,CONTUSION OF LOWER LIMB AND OF OTHER AND UNSPECIFIED SITES
924.0,HIP AND THIGH
924.1,KNEE AND LOWER LEG
924.2,"ANKLE AND FOOT, EXCLUDING TOE(S)"
924.3,TOE
924.4,MULTIPLE SITES OF LOWER LIMB
924.5,UNSPECIFIED PART OF LOWER LIMB
924.8,"MULTIPLE SITES, NOT ELSEWHERE CLASSIFIED"
924.9,UNSPECIFIED SITE
925,"CRUSHING INJURY OF FACE, SCALP AND NECK"
926,CRUSHING INJURY OF TRUNK
926.0,EXTERNAL GENITALIA
926.1,OTHER SPECIFIED SITES
926.8,MULTIPLE SITES OF TRUNK
926.9,UNSPECIFIED PART
927,CRUSHING INJURY OF UPPER LIMB
927.0,SHOULDER AND UPPER ARM
927.1,ELBOW AND FOREARM
927.2,"WRIST AND HAND(S), EXCEPT FINGER(S) ALONE"
927.3,FINGER
927.8,MULTIPLE SITES OF UPPER LIMB
927.9,UNSPECIFIED PART
928,CRUSHING INJURY OF LOWER LIMB
928.0,HIP AND THIGH
928.1,KNEE AND LOWER LEG
928.2,"ANKLE AND FOOT, EXCLUDING TOE(S) ALONE"
928.3,TOE
928.8,MULTIPLE SITES OF LOWER LIMB
928.9,UNSPECIFIED PART
929,CRUSHING INJURY OF MULTIPLE AND UNSPECIFIED SITES
929.0,"MULTIPLE SITES, NOT ELSEWHERE CLASSIFIED"
929.9,UNSPECIFIED SITE
930,FOREIGN BODY ON EXTERNAL EYE
930.0,CORNEAL FOREIGN BODY
930.1,FOREIGN BODY IN CONJUNCTIVAL SAC
930.2,FOREIGN BODY IN LACRIMAL PUNCTUM
930.8,OTHER AND COMBINED SITES
930.9,UNSPECIFIED
931,FOREIGN BODY IN EAR
932,FOREIGN BODY IN NOSE
933,FOREIGN BODY IN PHARYNX AND LARYNX
933.0,PHARYNX
933.1,LARYNX
934,"FOREIGN BODY IN TRACHEA, BRONCHUS AND LUNG"
934.0,TRACHEA
934.1,MAIN BRONCHUS
934.8,OTHER SPECIFIED PART
934.9,"RESPIRATORY TREE, UNSPECIFIED"
935,"FOREIGN BODY IN MOUTH, OESOPHAGUS AND STOMACH"
935.0,MOUTH
935.1,OESOPHAGUS
935.2,STOMACH
936,FOREIGN BODY IN INTESTINE AND COLON
937,FOREIGN BODY IN ANUS AND RECTUM
938,"FOREIGN BODY IN DIGESTIVE SYSTEM, UNSPECIFIED"
939,FOREIGN BODY IN GENITOURINARY TRACT
939.0,BLADDER AND URETHRA
939.1,"UTERUS, ANY PART"
939.2,VULVA AND VAGINA
939.3,PENIS
939.9,UNSPECIFIED
940,BURN CONFINED TO EYE AND ADNEXA
940.0,CHEMICAL BURN OF EYELIDS AND PERIOCULAR AREA
940.1,OTHER BURNS OF EYELIDS AND PERIOCULAR AREA
940.2,ALKALINE CHEMICAL BURN OF CORNEA AND CONJUNCTIVAL SAC
940.3,ACID CHEMICAL BURN OF CORNEA AND CONJUNCTIVAL SAC
940.4,OTHER BURN OF CORNEA AND CONJUNCTIVAL SAC
940.5,BURN WITH RESULTING RUPTURE AND DESTRUCTION OF EYEBALL
940.9,UNSPECIFIED BURN OF EYE AND ADNEXA
941,"BURN OF FACE, HEAD AND NECK"
941.0,UNSPECIFIED DEGREE
941.1,ERYTHEMA (FIRST DEGREE)
941.2,"BLISTERS, EPIDERMAL LOSS (SECOND DEGREE)"
941.3,FULL-THICKNESS SKIN LOSS (THIRD DEGREE NOS)
941.4,DEEP NECROSIS OF UNDERLYING TISSUES (DEEP THIRD DEGREE)
942,BURN OF TRUNK
942.0,UNSPECIFIED DEGREE
942.1,ERYTHEMA (FIRST DEGREE)
942.2,"BLISTERS, EPIDERMAL LOSS (SECOND DEGREE)"
942.3,FULL-THICKNESS SKIN LOSS (THIRD DEGREE NOS)
942.4,DEEP NECROSIS OF UNDERLYING TISSUES (DEEP THIRD DEGREE)
943,"BURN OF UPPER LIMB, EXCEPT WRIST AND HAND"
943.0,UNSPECIFIED DEGREE
943.1,ERYTHEMA (FIRST DEGREE)
943.2,"BLISTERS, EPIDERMAL LOSS (SECOND DEGREE)"
943.3,FULL-THICKNESS SKIN LOSS (THIRD DEGREE NOS)
943.4,DEEP NECROSIS OF UNDERLYING TISSUES (DEEP THIRD DEGREE)
944,BURN OF WRIST(S) AND HAND(S)
944.0,UNSPECIFIED DEGREE
944.1,ERYTHEMA (FIRST DEGREE)
944.2,"BLISTERS, EPIDERMAL LOSS (SECOND DEGREE)"
944.3,FULL-THICKNESS SKIN LOSS (THIRD DEGREE NOS)
944.4,DEEP NECROSIS OF UNDERLYING TISSUES (DEEP THIRD DEGREE)
945,BURN OF LOWER LIMB(S)
945.0,UNSPECIFIED DEGREE
945.1,ERYTHEMA (FIRST DEGREE)
945.2,"BLISTERS, EPIDERMAL LOSS (SECOND DEGREE)"
945.3,FULL-THICKNESS SKIN LOSS (THIRD DEGREE NOS)
945.4,DEEP NECROSIS OF UNDERLYING TISSUES (DEEP THIRD DEGREE)
946,BURNS OF MULTIPLE SPECIFIED SITES
946.0,UNSPECIFIED DEGREE
946.1,ERYTHEMA (FIRST DEGREE)
946.2,"BLISTERS, EPIDERMAL LOSS (SECOND DEGREE)"
946.3,FULL-THICKNESS SKIN LOSS (THIRD DEGREE NOS)
946.4,DEEP NECROSIS OF UNDERLYING TISSUES (DEEP THIRD DEGREE)
947,BURN OF INTERNAL ORGANS
947.0,MOUTH AND PHARYNX
947.1,"LARYNX, TRACHEA AND LUNG"
947.2,OESOPHAGUS
947.3,GASTROINTESTINAL TRACT
947.4,VAGINA AND UTERUS
947.8,OTHER
947.9,UNSPECIFIED
948,BURNS CLASSIFIED ACCORDING TO EXTENT OF BODY SURFACE INVOLVED
948.0,LESS THAN 10% OF BODY SURFACE
948.1,10-19%
948.2,20-29%
948.3,30-39%
948.4,40-49%
948.5,50-59%
948.6,60-69%
948.7,70-79%
948.8,80-89%
948.9,90% OR MORE
949,"BURN, UNSPECIFIED"
949.0,UNSPECIFIED DEGREE
949.1,ERYTHEMA (FIRST DEGREE)
949.2,"BLISTERS, EPIDERMAL LOSS (SECOND DEGREE)"
949.3,FULL-THICKNESS SKIN LOSS (THIRD DEGREE NOS)
949.4,DEEP NECROSIS OF UNDERLYING TISSUES (DEEP THIRD DEGREE)
950,INJURY TO OPTIC NERVE AND PATHWAYS
950.0,OPTIC NERVE INJURY
950.1,INJURY TO OPTIC CHIASM
950.2,INJURY TO OPTIC PATHWAYS
950.3,INJURY TO VISUAL CORTEX
950.9,UNSPECIFIED
951,INJURY TO OTHER CRANIAL NERVE(S)
951.0,INJURY TO OCULOMOTOR NERVE
951.1,INJURY TO TROCHLEAR NERVE
951.2,INJURY TO TRIGEMINAL NERVE
951.3,INJURY TO ABDUCENT NERVE
951.4,INJURY TO FACIAL NERVE
951.5,INJURY TO ACOUSTIC NERVE
951.6,INJURY TO ACCESSORY NERVE
951.7,INJURY TO HYPOGLOSSAL NERVE
951.8,INJURY TO OTHER SPECIFIED CRANIAL NERVES
951.9,INJURY TO UNSPECIFIED CRANIAL NERVE
952,SPINAL CORD LESION WITHOUT EVIDENCE OF SPINAL BONE INJURY
952.0,CERVICAL
952.1,DORSAL (THORACIC)
952.2,LUMBAR
952.3,SACRAL
952.4,CAUDA EQUINA
952.8,MULTIPLE SITES
952.9,UNSPECIFIED
953,INJURY TO NERVE ROOTS AND SPINAL PLEXUS
953.0,CERVICAL ROOT
953.1,DORSAL ROOT
953.2,LUMBAR ROOT
953.3,SACRAL ROOT
953.4,BRACHIAL PLEXUS
953.5,LUMBOSACRAL PLEXUS
953.8,MULTIPLE SITES
953.9,UNSPECIFIED
954,INJURY TO OTHER NERVE(S) OF TRUNK EXCLUDING SHOULDER AND PELVIC GIRDLES
954.0,CERVICAL SYMPATHETIC
954.1,OTHER SYMPATHETIC
954.8,OTHER
954.9,UNSPECIFIED
955,INJURY TO PERIPHERAL NERVE(S) OF SHOULDER GIRDLE AND UPPER LIMB
955.0,AXILLARY NERVE
955.1,MEDIAN NERVE
955.2,ULNAR NERVE
955.3,RADIAL NERVE
955.4,MUSCULOCUTANEOUS NERVE
955.5,"CUTANEOUS SENSORY NERVE, UPPER LIMB"
955.6,DIGITAL NERVE
955.7,OTHER SPECIFIED NERVE(S)
955.8,MULTIPLE NERVES
955.9,UNSPECIFIED
956,INJURY TO PERIPHERAL NERVE(S) OF PELVIC GIRDLE AND LOWER LIMB
956.0,SCIATIC NERVE
956.1,FEMORAL NERVE
956.2,POSTERIOR TIBIAL NERVE
956.3,PERONEAL NERVE
956.4,"CUTANEOUS SENSORY NERVE, LOWER LIMB"
956.5,OTHER SPECIFIED NERVE(S)
956.8,MULTIPLE NERVES
956.9,UNSPECIFIED
957,INJURY TO OTHER AND UNSPECIFIED NERVES
957.0,SUPERFICIAL NERVES OF HEAD AND NECK
957.1,OTHER SPECIFIED NERVE(S)
957.8,MULTIPLE NERVES IN SEVERAL PARTS
957.9,UNSPECIFIED SITE
958,CERTAIN EARLY COMPLICATIONS OF TRAUMA
958.0,AIR EMBOLISM
958.1,FAT EMBOLISM
958.2,SECONDARY AND RECURRENT HAEMORRHAGE
958.3,"POST-TRAUMATIC WOUND INFECTION, NOT ELSEWHERE CLASSIFIED"
958.4,TRAUMATIC SHOCK
958.5,TRAUMATIC ANURIA
958.6,VOLKMANN'S ISCHAEMIC CONTRACTURE
958.7,TRAUMATIC SUBCUTANEOUS EMPHYSEMA
958.8,OTHER EARLY COMPLICATIONS OF TRAUMA
959,"INJURY, OTHER AND UNSPECIFIED"
959.0,FACE AND NECK
959.1,TRUNK
959.2,SHOULDER AND UPPER ARM
959.3,"ELBOW, FOREARM AND WRIST"
959.4,"HAND, EXCEPT FINGER"
959.5,FINGER
959.6,HIP AND THIGH
959.7,"KNEE, LEG, ANKLE AND FOOT"
959.8,"OTHER SPECIFIED SITES, INCLUDING MULTIPLE"
959.9,UNSPECIFIED SITE
960,POISONING BY ANTIBIOTICS
960.0,PENICILLINS
960.1,ANTIFUNGAL ANTIBIOTICS
960.2,CHLORAMPHENICOL GROUP
960.3,ERYTHROMYCIN AND OTHER MACROLIDES
960.4,TETRACYCLINE GROUP
960.5,CEFALOSPORIN GROUP
960.6,ANTIMYCOBACTERIAL ANTIBIOTICS
960.7,ANTINEOPLASTIC ANTIBIOTICS
960.8,OTHER
960.9,UNSPECIFIED
961,POISONING BY OTHER ANTI-INFECTIVES
961.0,SULFONAMIDES
961.1,ARSENICAL ANTI-INFECTIVES
961.2,HEAVY METAL ANTI-INFECTIVES
961.3,QUINOLINE AND HYDROXYQUINOLINE DERIVATIVES
961.4,ANTIMALARIALS AND DRUGS ACTING ON OTHER BLOOD PROTOZOA
961.5,OTHER ANTIPROTOZOAL DRUGS
961.6,ANTHELMINTHICS
961.7,ANTIVIRAL DRUGS
961.8,OTHER ANTIMYCOBACTERIAL DRUGS
961.9,OTHER AND UNSPECIFIED ANTI-INFECTIVES
962,POISONING BY HORMONES AND SYNTHETIC SUBSTITUTES
962.0,ADRENAL CORTICAL STEROIDS
962.1,ANDROGENS AND ANABOLIC CONGENERS
962.2,OVARIAN HORMONES AND SYNTHETIC SUBSTITUTES
962.3,INSULINS AND ANTIDIABETIC AGENTS
962.4,ANTERIOR PITUITARY HORMONES
962.5,POSTERIOR PITUITARY HORMONES
962.6,PARATHYROID AND PARATHYROID DERIVATIVES
962.7,THYROID AND THYROID DERIVATIVES
962.8,ANTITHYROID AGENTS
962.9,OTHER AND UNSPECIFIED HORMONES AND SYNTHETIC SUBSTITUTES
963,POISONING BY PRIMARILY SYSTEMIC AGENTS
963.0,ANTIALLERGIC AND ANTIEMETIC DRUGS
963.1,ANTINEOPLASTIC AND IMMUNOSUPPRESSIVE DRUGS
963.2,ACIDIFYING AGENTS
963.3,ALKALIZING AGENTS
963.4,"ENZYMES, NOT ELSEWHERE CLASSIFIED"
963.5,"VITAMINS, NOT ELSEWHERE CLASSIFIED"
963.8,OTHER
963.9,UNSPECIFIED
964,POISONING BY AGENTS PRIMARILY AFFECTING BLOOD CONSTITUENTS
964.0,IRON AND ITS COMPOUNDS
964.1,LIVER PREPARATIONS AND OTHER ANTIANAEMIC AGENTS
964.2,ANTICOAGULANTS
964.3,VITAMIN K (PHYTOMENADIONE)
964.4,FIBRINOLYSIS-AFFECTING DRUGS
964.5,ANTICOAGULANT ANTAGONISTS AND OTHER COAGULANTS
964.6,GAMMA GLOBULIN
964.7,NATURAL BLOOD AND BLOOD PRODUCTS
964.8,OTHER
964.9,UNSPECIFIED
965,"POISONING BY ANALGESICS, ANTIPYRETICS AND ANTIRHEUMATICS"
965.0,OPIATES AND RELATED NARCOTICS
965.1,SALICYLATES
965.4,"AROMATIC ANALGESICS, NOT ELSEWHERE CLASSIFIED"
965.5,PYRAZOLE DERIVATIVES
965.6,ANTIRHEUMATICS (ANTIPHLOGISTICS)
965.7,OTHER NON-NARCOTIC ANALGESICS
965.8,OTHER
965.9,UNSPECIFIED
966,POISONING BY ANTICONVULSANTS AND ANTI-PARKINSONISM DRUGS
966.0,OXAZOLIDINE DERIVATIVES
966.1,HYDANTOIN DERIVATIVES
966.2,SUCCINIMIDES
966.3,OTHER AND UNSPECIFIED ANTICONVULSANTS
966.4,ANTI-PARKINSONISM DRUGS
967,POISONING BY SEDATIVES AND HYPNOTICS
967.0,BARBITURATES
967.1,CHLORAL HYDRATE GROUP
967.2,PARALDEHYDE
967.3,BROMINE COMPOUNDS
967.4,METHAQUALONE COMPOUNDS
967.5,GLUTETHIMIDE GROUP
967.6,"MIXED SEDATIVES, NOT ELSEWHERE CLASSIFIED"
967.8,OTHER
967.9,UNSPECIFIED
968,POISONING BY OTHER CENTRAL NERVOUS SYSTEM DEPRESSANTS
968.0,CENTRAL NERVOUS SYSTEM MUSCLE-TONE DEPRESSANTS
968.1,HALOTHANE
968.2,OTHER GASEOUS ANAESTHETICS
968.3,INTRAVENOUS ANAESTHETICS
968.4,OTHER AND UNSPECIFIED GENERAL ANAESTHETICS
968.5,SURFACE AND INFILTRATION ANAESTHETICS
968.6,PERIPHERAL NERVE- AND PLEXUS-BLOCKING ANAESTHETICS
968.7,SPINAL ANAESTHETICS
968.9,OTHER AND UNSPECIFIED LOCAL ANAESTHETICS
969,POISONING BY PSYCHOTROPIC AGENTS
969.0,ANTIDEPRESSANTS
969.1,PHENOTHIAZINE-BASED TRANQUILIZERS
969.2,BUTYROPHENONE-BASED TRANQUILIZERS
969.3,"OTHER ANTIPSYCHOTICS, NEUROLEPTICS AND MAJOR TRANQUILIZERS"
969.4,BENZODIAZEPINE-BASED TRANQUILIZERS
969.5,OTHER TRANQUILIZERS
969.6,PSYCHODYSLEPTICS (HALLUCINOGENS)
969.7,PSYCHOSTIMULANTS
969.8,OTHER PSYCHOTROPIC AGENTS
969.9,UNSPECIFIED
970,POISONING BY CENTRAL NERVOUS SYSTEM STIMULANTS
970.0,ANALEPTICS
970.1,OPIATE ANTAGONISTS
970.8,OTHER
970.9,UNSPECIFIED
971,POISONING BY DRUGS PRIMARILY AFFECTING THE AUTONOMIC NERVOUS SYSTEM
971.0,PARASYMPATHOMIMETICS (CHOLINERGICS)
971.1,PARASYMPATHOLYTICS (ANTICHOLINERGICS AND ANTIMUSCARINICS) AND SPASMOLYTICS
971.2,SYMPATHOMIMETICS (ADRENERGICS)
971.3,SYMPATHOLYTICS (ANTIADRENERGICS)
971.9,UNSPECIFIED
972,POISONING BY AGENTS PRIMARILY AFFECTING THE CARIOVASCULAR SYSTEM
972.0,CARDIAC RHYTHM REGULATORS
972.1,CARDIOTONIC GLYCOSIDES AND DRUGS OF SIMILAR ACTION
972.2,ANTILIPAEMIC AND ANTIARTERIOSCLEROTIC DRUGS
972.3,GANGLION-BLOCKING AGENTS
972.4,CORONARY VASODILATORS
972.5,OTHER VASODILATORS
972.6,OTHER ANTIHYPERTENSIVE AGENTS
972.7,"ANTIVARICOSE DRUGS, INCLUDING SCLEROSING AGENTS"
972.8,CAPILLARY-ACTIVE DRUGS
972.9,OTHER AND UNSPECIFIED
973,POISONING BY AGENTS PRIMARILY AFFECTING THE GASTROINTESTINAL SYSTEM
973.0,ANTACIDS AND ANTIGASTRIC SECRETION DRUGS
973.1,IRRITANT CATHARTICS
973.2,EMOLLIENT CATHARTICS
973.3,"OTHER CATHARTICS, INCLUDING INTESTINAL ATONIA DRUGS"
973.4,DIGESTANTS
973.5,ANTIDIARRHOEAL DRUGS
973.6,EMETICS
973.8,OTHER
973.9,UNSPECIFIED
974,"POISONING BY WATER, MINERAL AND URIC ACID METABOLISM DRUGS"
974.0,MERCURIAL DIURETICS
974.1,PURINE DERIVATIVE DIURETICS
974.2,CARBONIC ACID ANHYDRASE INHIBITORS
974.3,SALURETICS
974.4,OTHER DIURETICS
974.5,"ELECTROLYTIC, CALORIC AND WATER-BALANCE AGENTS"
974.6,"OTHER MINERAL SALTS, NOT ELSEWHERE CLASSIFIED"
974.7,URIC ACID METABOLISM DRUGS
975,POISONING BY AGENTS PRIMARILY ACTING ON THE SMOOTH AND SKELETAL MUSCLES
975,AND RESPIRATORY SYSTEM
975.0,OXYTOCIC AGENTS
975.1,SMOOTH MUSCLE RELAXANTS
975.2,SKELETAL MUSCLE RELAXANTS
975.3,OTHER AND UNSPECIFIED DRUGS ACTING ON MUSCLES
975.4,ANTITUSSIVES
975.5,EXPECTORANTS
975.6,ANTI-COMMON-COLD DRUGS
975.7,ANTIASTHMATICS
975.8,OTHER AND UNSPECIFIED RESPIRATORY DRUGS
976,"POISONING BY AGENTS PRIMARILY AFFECTING SKIN AND MUCOUS MEMBRANE, OPHTHALMOLOGICAL, OTORHINOLARYNGOLOGICAL AND DENTAL DRUGS"
976.0,LOCAL ANTI-INFECTIVES AND ANTI-INFLAMMATORY DRUGS
976.1,ANTIPRURITICS
976.2,LOCAL ASTRINGENTS AND LOCAL DETERGENTS
976.3,"EMOLLIENTS, DEMULCENTS AND PROTECTANTS"
976.4,"KERATOLYTICS, KERATOPLASTICS, OTHER HAIR TREATMENT DRUGS AND PREPARATIONS"
976.5,EYE ANTI-INFECTIVES AND OTHER EYE DRUGS
976.6,"ANTI-INFECTIVES AND OTHER DRUGS AND PREPARATIONS FOR EAR, NOSE
AND THROAT"
976.7,DENTAL DRUGS TOPICALLY APPLIED
976.8,OTHER
976.9,UNSPECIFIED
977,POISONING BY OTHER AND UNSPECIFIED DRUGS AND MEDICAMENTS
977.0,DIETETICS
977.1,LIPOTROPIC DRUGS
977.2,"ANTIDOTES AND CHELATING AGENTS, NOT ELSEWHERE CLASSIFIED"
977.3,ALCOHOL DETERRENTS
977.4,PHARMACEUTICAL EXCIPIENTS
977.8,OTHER DRUGS AND MEDICAMENTS
977.9,UNSPECIFIED DRUG OR MEDICAMENT
978,POISONING BY BACTERIAL VACCINES
978.0,BCG
978.1,TYPHOID AND PARATYPHOID
978.2,CHOLERA
978.3,PLAGUE
978.4,TETANUS
978.5,DIPHTHERIA
978.6,"PERTUSSIS VACCINE, INCLUDING COMBINATIONS WITH A PERTUSSIS COMPONENT"
978.8,OTHER AND UNSPECIFIED BACTERIAL VACCINES
978.9,"MIXED BACTERIAL VACCINES, EXCEPT COMBINATIONS WITH A PERTUSSIS  COMPONENT"
979,POISONING BY OTHER VACCINES AND BIOLOGICAL SUBSTANCES
979.0,SMALLPOX VACCINE
979.1,RABIES VACCINE
979.2,TYPHUS VACCINE
979.3,YELLOW FEVER VACCINE
979.4,MEASLES VACCINE
979.5,POLIOMYELITIS VACCINE
979.6,OTHER AND UNSPECIFIED VIRAL AND RICKETTSIAL VACCINES
979.7,"MIXED VIRAL-RICKETTSIAL AND BACTERIAL VACCINES, EXCEPT COMBINATIONS"
979.7,WITH A PERTUSSIS COMPONENT
979.9,OTHER AND UNSPECIFIED VACCINES AND BIOLOGICAL SUBSTANCES
980,TOXIC EFFECT OF ALCOHOL
980.0,ETHYL ALCOHOL
980.1,METHYL ALCOHOL
980.2,ISOPROPYL ALCOHOL
980.3,FUSEL OIL
980.8,OTHER
980.9,UNSPECIFIED
981,TOXIC EFFECT OF PETROLEUM PRODUCTS
982,TOXIC EFFECT OF SOLVENTS OTHER THAN PETROLEUM-BASED
982.0,BENZENE AND HOMOLOGUES
982.1,CARBON TETRACHLORIDE
982.2,CARBON DISULFIDE
982.3,OTHER CHLORINATED HYDROCARBON SOLVENTS
982.4,NITROGLYCOL
982.8,OTHER
983,"TOXIC EFFECT OF CORROSIVE AROMATICS, ACIDS AND CAUSTIC ALKALIS"
983.0,CORROSIVE AROMATICS
983.1,ACIDS
983.2,CAUSTIC ALKALIS
983.9,"CAUSTIC, UNSPECIFIED"
984,TOXIC EFFECT OF LEAD AND ITS COMPOUNDS (INCLUDING FUMES)
984.0,INORGANIC LEAD COMPOUNDS
984.1,ORGANIC LEAD COMPOUNDS
984.8,OTHER
984.9,UNSPECIFIED
985,TOXIC EFFECT OF OTHER METALS
985.0,MERCURY AND ITS COMPOUNDS
985.1,ARSENIC AND ITS COMPOUNDS
985.2,MANGANESE AND ITS COMPOUNDS
985.3,BERYLLIUM AND ITS COMPOUNDS
985.4,ANTIMONY AND ITS COMPOUNDS
985.5,CADMIUM AND ITS COMPOUNDS
985.6,CHROMIUM
985.8,OTHER
985.9,UNSPECIFIED
986,TOXIC EFFECT OF CARBON MONOXIDE
987,"TOXIC EFFECT OF OTHER GASES, FUMES OR VAPOURS"
987.0,LIQUEFIED PETROLEUM GASES
987.1,OTHER HYDROCARBON GAS
987.2,NITROGEN OXIDES
987.3,SULPHUR DIOXIDE
987.4,FREON
987.5,LACRIMOGENIC GAS
987.6,CHLORINE GAS
987.7,HYDROCYANIC ACID GAS
987.8,OTHER
987.9,UNSPECIFIED
988,TOXIC EFFECT OF NOXIOUS SUBSTANCES EATEN AS FOOD
988.0,FISH AND SHELLFISH
988.1,MUSHROOMS
988.2,BERRIES AND OTHER PLANTS
988.8,OTHER
988.9,UNSPECIFIED
989,"TOXIC EFFECT OF OTHER SUBSTANCES, CHIEFLY NONMEDICINAL AS TO SOURCE"
989.0,HYDROCYANIC ACID AND CYANIDES
989.1,STRYCHNINE AND SALTS
989.2,CHLORINATED HYDROCARBONS
989.3,ORGANOPHOSPHATE AND CARBAMATE
989.4,"OTHER PESTICIDES, NOT ELSEWHERE CLASSIFIED"
989.5,VENOM
989.6,SOAPS AND DETERGENTS
989.7,AFLATOXIN AND OTHER MYCOTOXIN (FOOD CONTAMINANTS)
989.8,OTHER
989.9,UNSPECIFIED
990,"EFFECTS OF RADIATION, UNSPECIFIED"
991,EFFECTS OF REDUCED TEMPERATURE
991.0,FROSTBITE OF FACE
991.1,FROSTBITE OF HAND
991.2,FROSTBITE OF FOOT
991.3,FROSTBITE OF OTHER AND UNSPECIFIED SITES
991.4,IMMERSION FOOT
991.5,CHILBLAINS
991.6,HYPOTHERMIA
991.8,OTHER
991.9,UNSPECIFIED
992,EFFECTS OF HEAT AND LIGHT
992.0,HEAT STROKE AND SUNSTROKE
992.1,HEAT SYNCOPE
992.2,HEAT CRAMPS
992.3,"HEAT EXHAUSTION, ANHYDROTIC"
992.4,HEAT EXHAUSTION DUE TO SALT DEPLETION
992.5,"HEAT EXHAUSTION, UNSPECIFIED"
992.6,"HEAT FATIGUE, TRANSIENT"
992.7,HEAT OEDEMA
992.8,OTHER HEAT EFFECTS
992.9,UNSPECIFIED
993,EFFECTS OF AIR PRESSURE
993.0,"BAROTRAUMA, OTITIC"
993.1,"BAROTRAUMA, SINUS"
993.2,OTHER AND UNSPECIFIED EFFECTS OF HIGH ALTITUDE
993.3,CAISSON DISEASE
993.4,EFFECTS OF AIR PRESSURE CAUSED BY EXPLOSION
993.8,OTHER
993.9,UNSPECIFIED
994,EFFECTS OF OTHER EXTERNAL CAUSES
994.0,EFFECTS OF LIGHTNING
994.1,DROWNING AND NONFATAL SUBMERSION
994.2,EFFECTS OF HUNGER
994.3,EFFECTS OF THIRST
994.4,EXHAUSTION DUE TO EXPOSURE
994.5,EXHAUSTION DUE TO EXCESSIVE EXERTION
994.6,MOTION SICKNESS
994.7,ASPHYXIATION AND STRANGULATION
994.8,ELECTROCUTION AND NONFATAL EFFECTS OF ELECTRIC CURRENT
994.9,OTHER
995,CERTAIN ADVERSE EFFECTS NOT ELSEWHERE CLASSIFIED
995.0,ANAPHYLACTIC SHOCK
995.1,ANGIONEUROTIC OEDEMA
995.2,"UNSPECIFIED ADVERSE EFFECT OF DRUG, MEDICAMENT AND BIOLOGICAL"
995.3,"ALLERGY, UNSPECIFIED"
995.4,SHOCK DUE TO ANAESTHESIA
995.5,CHILD MALTREATMENT SYNDROME
995.8,OTHER SPECIFIED ADVERSE EFFECTS NOT ELSEWHERE CLASSIFIED
996,COMPLICATIONS PECULIAR TO CERTAIN SPECIFIED PROCEDURES
996.0,"MECHANICAL COMPLICATION OF CARDIAC DEVICE, IMPLANT AND GRAFT"
996.1,"MECHANICAL COMPLICATION OF OTHER VASCULAR DEVICE, IMPLANT AND GRAFT"
996.2,"MECHANICAL COMPLICATION OF NERVOUS SYSTEM DEVICE, IMPLANT AND GRAFT"
996.3,"MECHANICAL COMPLICATION OF GENITOURINARY DEVICE, IMPLANT AND GRAFT"
996.4,"MECHANICAL COMPLICATION OF INTERNAL ORTHOPAEDIC DEVICE, IMPLANT AND GRAFT"
996.5,"MECHANICAL COMPLICATION OF OTHER SPECIFIED PROSTHETIC DEVICE, IMPLANT AND GRAFT"
996.6,"INFECTION AND INFLAMMATORY REACTION DUE TO INTERNAL PROSTHETIC DEVICE, IMPLANT AND GRAFT"
996.7,"OTHER COMPLICATIONS OF INTERNAL PROSTHETIC DEVICE, IMPLANT AND GRAFT"
996.8,COMPLICATIONS OF TRANSPLANTED ORGAN
996.9,COMPLICATIONS OF REATTACHED EXTREMITY
997,"COMPLICATIONS AFFECTING SPECIFIED BODY SYSTEMS, NOT ELSEWHERE CLASSIFIED"
997.0,CENTRAL NERVOUS SYSTEM COMPLICATIONS
997.1,CARDIAC COMPLICATIONS
997.2,PERIPHERAL VASCULAR COMPLICATIONS
997.3,RESPIRATORY COMPLICATIONS
997.4,GASTROINTESTINAL COMPLICATIONS
997.5,URINARY COMPLICATIONS
997.6,LATE AMPUTATION STUMP COMPLICATION
997.9,"COMPLICATIONS AFFECTING OTHER SPECIFIED BODY SYSTEMS,
NOT ELSEWHERE CLASSIFIED"
998,"OTHER COMPLICATIONS OF PROCEDURES, NOT ELSEWHERE CLASSIFIED"
998.0,POSTOPERATIVE SHOCK
998.1,HAEMORRHAGE OR HAEMATOMA COMPLICATING A PROCEDURE
998.2,ACCIDENTAL PUNCTURE OR LACERATION DURING A PROCEDURE
998.3,DISRUPTION OF OPERATION WOUND
998.4,FOREIGN BODY ACCIDENTALLY LEFT DURING A PROCEDURE
998.5,POSTOPERATIVE INFECTION
998.6,PERSISTENT POSTOPERATIVE FISTULA
998.7,ACUTE REACTION TO FOREIGN SUBSTANCE ACCIDENTALLY LEFT DURING A  PROCEDURE
998.8,"OTHER SPECIFIED COMPLICATIONS OF PROCEDURES, NOT ELSEWHERE CLASSIFIED"
998.9,"UNSPECIFIED COMPLICATION OF PROCEDURE, NOT ELSEWHERE CLASSIFIED"
999,"COMPLICATIONS OF MEDICAL CARE, NOT ELSEWHERE CLASSIFIED"
999.0,GENERALIZED VACCINIA
999.1,AIR EMBOLISM
999.2,OTHER VASCULAR COMPLICATIONS
999.3,OTHER INFECTION
999.4,ANAPHYLACTIC SHOCK DUE TO SERUM
999.5,OTHER SERUM REACTION
999.6,ABO INCOMPATIBILITY REACTION
999.7,RH INCOMPATIBILITY REACTION
999.8,OTHER TRANSFUSION REACTION
999.9,"OTHER AND UNSPECIFIED COMPLICATIONS OF MEDICAL CARE, NOT ELSEWHERE CLASSIFIED"